[{"title":"\u30b1\u30fc\u30bf\u30a4 Watch","label":"tech","URL":"https:\/\/k-tai.watch.impress.co.jp\/data\/rss\/1.0\/ktw\/feed.rdf"},{"title":"PC Watch","label":"pc","URL":"https:\/\/pc.watch.impress.co.jp\/data\/rss\/1.0\/pcw\/feed.rdf"},{"title":"Yahoo!\u30c8\u30d4\u30c3\u30af\u30b9 - \u4e3b\u8981 ","label":"news","URL":"https:\/\/news.yahoo.co.jp\/rss\/topics\/top-picks.xml"},{"title":"Yahoo!\u30c8\u30d4\u30c3\u30af\u30b9 - IT ","label":"news","URL":"https:\/\/news.yahoo.co.jp\/rss\/topics\/it.xml"},{"title":"Yahoo!\u30c8\u30d4\u30c3\u30af\u30b9 - \u30a8\u30f3\u30bf\u30e1","label":"news","URL":"https:\/\/news.yahoo.co.jp\/rss\/topics\/entertainment.xml"},{"title":"\u56fd\u969b - Yahoo!\u30cb\u30e5\u30fc\u30b9","label":"news","URL":"https:\/\/news.yahoo.co.jp\/rss\/categories\/world.xml"},{"title":"\u56fd\u5185 - Yahoo!\u30cb\u30e5\u30fc\u30b9","label":"news","URL":"https:\/\/news.yahoo.co.jp\/rss\/categories\/domestic.xml"},{"title":" \u30b9\u30dd\u30fc\u30c4 - Yahoo!\u30cb\u30e5\u30fc\u30b9","label":"news","URL":"https:\/\/news.yahoo.co.jp\/rss\/categories\/sports.xml"},{"title":"GAME Watch","label":"game","URL":"https:\/\/game.watch.impress.co.jp\/data\/rss\/1.0\/gmw\/feed.rdf"},{"title":"AUTOMATON","label":"game","URL":"https:\/\/automaton-media.com\/feed\/"},{"title":"ITmedia TOP STORIES \u6700\u65b0\u8a18\u4e8b\u4e00\u89a7","label":"game","URL":"https:\/\/rss.itmedia.co.jp\/rss\/2.0\/topstory.xml"},{"title":"Phileweb","label":"av","URL":"https:\/\/www.phileweb.com\/\/www.phileweb.com\/rss.php"},{"title":"Feed: Artificial Intelligence Latest","label":"ai","URL":"https:\/\/www.wired.com\/feed\/tag\/ai\/latest\/rss"},{"title":"Atmark IT","label":"Tech","URL":"https:\/\/rss.itmedia.co.jp\/rss\/1.0\/ait.xml"},{"title":"WinTab","label":"Tech","URL":"https:\/\/win-tab.net\/feed\/"},{"title":"Tmedia AI","label":"AI","URL":"https:\/\/rss.itmedia.co.jp\/rss\/2.0\/aiplus.xml"}]